x-axis,1
second,Volt
0.000000,0.022717,
0.000500,0.002437,
0.001001,-0.000272,
0.001501,-0.000980,
0.002001,0.030546,
0.002501,0.010855,
0.003002,0.017576,
0.003502,-0.000199,
0.004002,-0.005630,
0.004502,-0.020678,
0.005003,-0.049815,
0.005503,0.004878,
0.006003,-0.021462,
0.006503,-0.002329,
0.007004,-0.024926,
0.007504,-0.022564,
0.008004,-0.016952,
0.008504,0.031656,
0.009005,0.038880,
0.009505,0.017177,
0.010005,-0.007620,
0.010505,-0.006292,
0.011006,0.033167,
0.011506,0.007546,
0.012006,0.026500,
0.012506,-0.005743,
0.013007,0.000549,
0.013507,0.009832,
0.014007,0.041439,
0.014507,-0.000668,
0.015008,0.000138,
0.015508,-0.024437,
0.016008,-0.019020,
0.016508,0.015910,
0.017009,0.013257,
0.017509,0.039715,
0.018009,0.002868,
0.018509,-0.010590,
0.019010,-0.013769,
0.019510,0.000406,
0.020010,-0.023909,
0.020510,0.004194,
0.021011,-0.017407,
0.021511,0.029621,
0.022011,-0.015216,
0.022511,-0.015178,
0.023012,0.003233,
0.023512,-0.026648,
0.024012,-0.042491,
0.024512,-0.003412,
0.025013,-0.006890,
0.025513,0.041696,
0.026013,-0.014226,
0.026513,0.001755,
0.027014,0.020769,
0.027514,-0.010450,
0.028014,-0.007815,
0.028514,0.007279,
0.029015,0.037798,
0.029515,-0.019367,
0.030015,0.017721,
0.030515,-0.002913,
0.031016,0.010031,
0.031516,-0.000333,
0.032016,0.010025,
0.032516,-0.000146,
0.033017,0.007665,
0.033517,-0.005791,
0.034017,0.010617,
0.034517,0.020747,
0.035018,0.047947,
0.035518,-0.029692,
0.036018,-0.038031,
0.036518,0.032957,
0.037019,0.047103,
0.037519,-0.015463,
0.038019,0.001723,
0.038519,0.013199,
0.039020,-0.007451,
0.039520,0.039346,
0.040020,0.002709,
0.040520,0.003099,
0.041021,-0.005193,
0.041521,-0.017469,
0.042021,-0.000834,
0.042521,0.036659,
0.043022,-0.038385,
0.043522,0.042140,
0.044022,0.005340,
0.044522,-0.007371,
0.045023,0.030755,
0.045523,0.025585,
0.046023,-0.020642,
0.046523,0.018364,
0.047024,0.023739,
0.047524,0.016100,
0.048024,-0.003815,
0.048524,0.005580,
0.049025,-0.008647,
0.049525,0.026126,
0.050025,0.014548,
0.050525,-0.005623,
0.051026,0.020078,
0.051526,0.018195,
0.052026,0.020276,
0.052526,-0.022443,
0.053027,0.013075,
0.053527,0.020159,
0.054027,0.011350,
0.054527,0.060459,
0.055028,0.022732,
0.055528,0.010089,
0.056028,0.012284,
0.056528,0.024943,
0.057029,0.015308,
0.057529,0.031982,
0.058029,0.052760,
0.058529,0.066062,
0.059030,0.045162,
0.059530,0.054527,
0.060030,0.043136,
0.060530,-0.015836,
0.061031,0.026551,
0.061531,0.030864,
0.062031,0.003801,
0.062531,0.038614,
0.063032,0.037734,
0.063532,0.017196,
0.064032,0.034546,
0.064532,0.048420,
0.065033,0.038507,
0.065533,0.018150,
0.066033,0.038907,
0.066533,0.005052,
0.067034,0.048550,
0.067534,0.052007,
0.068034,0.033898,
0.068534,0.021396,
0.069035,0.034742,
0.069535,0.010220,
0.070035,0.058638,
0.070535,0.022610,
0.071036,0.018467,
0.071536,0.060963,
0.072036,0.037944,
0.072536,0.014425,
0.073037,0.063515,
0.073537,0.047139,
0.074037,0.025967,
0.074537,0.034851,
0.075038,0.000931,
0.075538,0.070109,
0.076038,0.045838,
0.076538,0.062672,
0.077039,0.081731,
0.077539,0.031384,
0.078039,0.040146,
0.078539,0.027692,
0.079040,0.069177,
0.079540,0.035076,
0.080040,0.017332,
0.080540,0.070902,
0.081041,0.051108,
0.081541,0.031736,
0.082041,0.050246,
0.082541,0.040291,
0.083042,0.041744,
0.083542,0.070685,
0.084042,-0.001372,
0.084542,0.037036,
0.085043,0.037366,
0.085543,0.033603,
0.086043,0.028573,
0.086543,0.058051,
0.087044,0.042789,
0.087544,0.022186,
0.088044,0.069789,
0.088544,0.064939,
0.089045,0.025785,
0.089545,0.008347,
0.090045,0.058927,
0.090545,0.086860,
0.091046,0.114254,
0.091546,0.058468,
0.092046,0.057650,
0.092546,0.056762,
0.093047,0.030278,
0.093547,0.071402,
0.094047,0.071077,
0.094547,0.068897,
0.095048,0.034511,
0.095548,0.059743,
0.096048,0.014455,
0.096548,0.045073,
0.097049,0.024322,
0.097549,0.077649,
0.098049,0.094289,
0.098549,0.053112,
0.099050,0.089149,
0.099550,0.082339,
0.100050,0.095139,
0.100550,0.052245,
0.101051,0.062359,
0.101551,0.073921,
0.102051,0.085825,
0.102551,0.098470,
0.103052,0.042752,
0.103552,0.086902,
0.104052,0.090127,
0.104552,0.043275,
0.105053,0.073750,
0.105553,0.049974,
0.106053,0.088363,
0.106553,0.061737,
0.107054,0.095392,
0.107554,0.088524,
0.108054,0.069257,
0.108554,0.089342,
0.109055,0.102872,
0.109555,0.104386,
0.110055,0.058814,
0.110555,0.059595,
0.111056,0.084007,
0.111556,0.118158,
0.112056,0.099108,
0.112556,0.123997,
0.113057,0.081117,
0.113557,0.079713,
0.114057,0.102149,
0.114557,0.106327,
0.115058,0.112731,
0.115558,0.104040,
0.116058,0.087357,
0.116558,0.102506,
0.117059,0.067298,
0.117559,0.104012,
0.118059,0.127081,
0.118559,0.125767,
0.119060,0.094327,
0.119560,0.096533,
0.120060,0.108718,
0.120560,0.114163,
0.121061,0.093770,
0.121561,0.098422,
0.122061,0.102748,
0.122561,0.070485,
0.123062,0.123737,
0.123562,0.093135,
0.124062,0.109977,
0.124562,0.113508,
0.125063,0.085091,
0.125563,0.114566,
0.126063,0.073682,
0.126563,0.058384,
0.127064,0.091407,
0.127564,0.104594,
0.128064,0.101166,
0.128564,0.086110,
0.129065,0.094096,
0.129565,0.140410,
0.130065,0.093745,
0.130565,0.100484,
0.131066,0.129827,
0.131566,0.145561,
0.132066,0.123709,
0.132566,0.071423,
0.133067,0.123470,
0.133567,0.105505,
0.134067,0.132098,
0.134567,0.126879,
0.135068,0.123089,
0.135568,0.157060,
0.136068,0.127953,
0.136568,0.146452,
0.137069,0.069831,
0.137569,0.114456,
0.138069,0.142149,
0.138569,0.106633,
0.139070,0.137456,
0.139570,0.146304,
0.140070,0.097004,
0.140570,0.096369,
0.141071,0.133896,
0.141571,0.141056,
0.142071,0.107504,
0.142571,0.136551,
0.143072,0.125167,
0.143572,0.141983,
0.144072,0.155830,
0.144572,0.134582,
0.145073,0.120222,
0.145573,0.137438,
0.146073,0.185098,
0.146573,0.073011,
0.147074,0.160552,
0.147574,0.120587,
0.148074,0.192368,
0.148574,0.151262,
0.149075,0.141142,
0.149575,0.164253,
0.150075,0.175952,
0.150575,0.131583,
0.151076,0.120236,
0.151576,0.124301,
0.152076,0.161145,
0.152576,0.167140,
0.153077,0.141967,
0.153577,0.137268,
0.154077,0.143562,
0.154577,0.154662,
0.155078,0.148009,
0.155578,0.183320,
0.156078,0.146174,
0.156578,0.188804,
0.157079,0.170618,
0.157579,0.146014,
0.158079,0.152571,
0.158579,0.142855,
0.159080,0.139928,
0.159580,0.191944,
0.160080,0.141204,
0.160580,0.185379,
0.161081,0.155577,
0.161581,0.162209,
0.162081,0.180903,
0.162581,0.148259,
0.163082,0.153160,
0.163582,0.184255,
0.164082,0.153820,
0.164582,0.208414,
0.165083,0.152788,
0.165583,0.169467,
0.166083,0.179810,
0.166583,0.169887,
0.167084,0.198415,
0.167584,0.182213,
0.168084,0.189917,
0.168584,0.161140,
0.169085,0.231175,
0.169585,0.173051,
0.170085,0.191709,
0.170585,0.162218,
0.171086,0.166665,
0.171586,0.196226,
0.172086,0.217808,
0.172586,0.227920,
0.173087,0.205404,
0.173587,0.171752,
0.174087,0.193775,
0.174587,0.161143,
0.175088,0.233960,
0.175588,0.179254,
0.176088,0.152459,
0.176588,0.162945,
0.177089,0.225605,
0.177589,0.181241,
0.178089,0.238461,
0.178589,0.203709,
0.179090,0.166343,
0.179590,0.189477,
0.180090,0.211229,
0.180590,0.160736,
0.181091,0.187200,
0.181591,0.212574,
0.182091,0.204547,
0.182591,0.184309,
0.183092,0.209166,
0.183592,0.187324,
0.184092,0.216977,
0.184592,0.186641,
0.185093,0.228839,
0.185593,0.192391,
0.186093,0.208495,
0.186593,0.197002,
0.187094,0.193087,
0.187594,0.186607,
0.188094,0.219377,
0.188594,0.235266,
0.189095,0.230839,
0.189595,0.206635,
0.190095,0.232459,
0.190595,0.224515,
0.191096,0.214020,
0.191596,0.235530,
0.192096,0.233951,
0.192596,0.230344,
0.193097,0.226779,
0.193597,0.219525,
0.194097,0.222504,
0.194597,0.218771,
0.195098,0.233762,
0.195598,0.246393,
0.196098,0.209026,
0.196598,0.212181,
0.197099,0.233584,
0.197599,0.239517,
0.198099,0.255802,
0.198599,0.253098,
0.199100,0.221655,
0.199600,0.244091,
0.200100,0.264427,
0.200600,0.252887,
0.201101,0.231090,
0.201601,0.227306,
0.202101,0.213306,
0.202601,0.248947,
0.203102,0.224915,
0.203602,0.275312,
0.204102,0.240721,
0.204602,0.233043,
0.205103,0.268055,
0.205603,0.286007,
0.206103,0.279883,
0.206603,0.283063,
0.207104,0.312511,
0.207604,0.241413,
0.208104,0.223113,
0.208604,0.267440,
0.209105,0.257627,
0.209605,0.264355,
0.210105,0.286404,
0.210605,0.239945,
0.211106,0.258259,
0.211606,0.309307,
0.212106,0.309584,
0.212606,0.279051,
0.213107,0.261284,
0.213607,0.318328,
0.214107,0.283806,
0.214607,0.287478,
0.215108,0.251007,
0.215608,0.265654,
0.216108,0.272421,
0.216608,0.289278,
0.217109,0.256484,
0.217609,0.293689,
0.218109,0.248725,
0.218609,0.300857,
0.219110,0.254933,
0.219610,0.265204,
0.220110,0.233734,
0.220610,0.267479,
0.221111,0.285797,
0.221611,0.303224,
0.222111,0.330493,
0.222611,0.266014,
0.223112,0.329693,
0.223612,0.320620,
0.224112,0.305789,
0.224612,0.289297,
0.225113,0.296926,
0.225613,0.304868,
0.226113,0.342558,
0.226613,0.317808,
0.227114,0.284774,
0.227614,0.278264,
0.228114,0.319369,
0.228614,0.279131,
0.229115,0.342399,
0.229615,0.318055,
0.230115,0.305613,
0.230615,0.287524,
0.231116,0.309635,
0.231616,0.302149,
0.232116,0.343402,
0.232616,0.316976,
0.233117,0.322887,
0.233617,0.282222,
0.234117,0.289026,
0.234617,0.304090,
0.235118,0.323575,
0.235618,0.335945,
0.236118,0.314835,
0.236618,0.273893,
0.237119,0.367425,
0.237619,0.289140,
0.238119,0.339182,
0.238619,0.298938,
0.239120,0.334298,
0.239620,0.341463,
0.240120,0.351955,
0.240620,0.343266,
0.241121,0.330053,
0.241621,0.361646,
0.242121,0.315566,
0.242621,0.307940,
0.243122,0.346410,
0.243622,0.325350,
0.244122,0.331535,
0.244622,0.350524,
0.245123,0.331567,
0.245623,0.349043,
0.246123,0.328064,
0.246623,0.357643,
0.247124,0.324232,
0.247624,0.321050,
0.248124,0.314485,
0.248624,0.357252,
0.249125,0.349908,
0.249625,0.327108,
0.250125,0.364454,
0.250625,0.340571,
0.251126,0.377863,
0.251626,0.318977,
0.252126,0.370611,
0.252626,0.372438,
0.253127,0.338970,
0.253627,0.350278,
0.254127,0.356592,
0.254627,0.365976,
0.255128,0.371818,
0.255628,0.340687,
0.256128,0.362130,
0.256628,0.342297,
0.257129,0.357341,
0.257629,0.332989,
0.258129,0.365324,
0.258629,0.381663,
0.259130,0.370022,
0.259630,0.327371,
0.260130,0.349731,
0.260630,0.352848,
0.261131,0.380561,
0.261631,0.378063,
0.262131,0.397838,
0.262631,0.369443,
0.263132,0.384604,
0.263632,0.381664,
0.264132,0.354626,
0.264632,0.375266,
0.265133,0.388850,
0.265633,0.395294,
0.266133,0.408724,
0.266633,0.401807,
0.267134,0.381482,
0.267634,0.374283,
0.268134,0.388985,
0.268634,0.400827,
0.269135,0.402987,
0.269635,0.397654,
0.270135,0.410751,
0.270635,0.404671,
0.271136,0.426529,
0.271636,0.413447,
0.272136,0.409582,
0.272636,0.391264,
0.273137,0.381343,
0.273637,0.380954,
0.274137,0.388117,
0.274637,0.404098,
0.275138,0.411384,
0.275638,0.366106,
0.276138,0.425870,
0.276638,0.448875,
0.277139,0.417283,
0.277639,0.421624,
0.278139,0.398102,
0.278639,0.392088,
0.279140,0.413652,
0.279640,0.406582,
0.280140,0.430557,
0.280640,0.411997,
0.281141,0.398536,
0.281641,0.417792,
0.282141,0.438371,
0.282641,0.426360,
0.283142,0.448333,
0.283642,0.423142,
0.284142,0.424316,
0.284642,0.443552,
0.285143,0.436350,
0.285643,0.417397,
0.286143,0.440610,
0.286643,0.430549,
0.287144,0.440307,
0.287644,0.459240,
0.288144,0.443231,
0.288644,0.408148,
0.289145,0.445805,
0.289645,0.442106,
0.290145,0.460894,
0.290645,0.435732,
0.291146,0.448200,
0.291646,0.447019,
0.292146,0.438411,
0.292646,0.429675,
0.293147,0.455686,
0.293647,0.477870,
0.294147,0.448999,
0.294647,0.448492,
0.295148,0.472238,
0.295648,0.446982,
0.296148,0.420037,
0.296648,0.478120,
0.297149,0.468955,
0.297649,0.429724,
0.298149,0.468464,
0.298649,0.483477,
0.299150,0.452970,
0.299650,0.481722,
0.300150,0.453977,
0.300650,0.492526,
0.301151,0.472493,
0.301651,0.467658,
0.302151,0.471881,
0.302651,0.482574,
0.303152,0.486500,
0.303652,0.447830,
0.304152,0.503198,
0.304652,0.484088,
0.305153,0.473806,
0.305653,0.496440,
0.306153,0.507391,
0.306653,0.484729,
0.307154,0.470045,
0.307654,0.515295,
0.308154,0.514698,
0.308654,0.486200,
0.309155,0.504443,
0.309655,0.460469,
0.310155,0.514389,
0.310655,0.519160,
0.311156,0.472451,
0.311656,0.489688,
0.312156,0.469452,
0.312656,0.522648,
0.313157,0.556502,
0.313657,0.463885,
0.314157,0.534941,
0.314657,0.518321,
0.315158,0.535863,
0.315658,0.510743,
0.316158,0.478945,
0.316658,0.515023,
0.317159,0.516036,
0.317659,0.486280,
0.318159,0.535814,
0.318659,0.552080,
0.319160,0.509889,
0.319660,0.505114,
0.320160,0.545420,
0.320660,0.545673,
0.321161,0.491775,
0.321661,0.547151,
0.322161,0.535109,
0.322661,0.536151,
0.323162,0.523509,
0.323662,0.546811,
0.324162,0.527442,
0.324662,0.515922,
0.325163,0.535166,
0.325663,0.543538,
0.326163,0.541987,
0.326663,0.556843,
0.327164,0.550582,
0.327664,0.506610,
0.328164,0.582750,
0.328664,0.529465,
0.329165,0.533724,
0.329665,0.543872,
0.330165,0.561492,
0.330665,0.570140,
0.331166,0.560025,
0.331666,0.533870,
0.332166,0.592180,
0.332666,0.524266,
0.333167,0.571794,
0.333667,0.545565,
0.334167,0.585196,
0.334667,0.580580,
0.335168,0.594602,
0.335668,0.562189,
0.336168,0.551241,
0.336668,0.588521,
0.337169,0.586594,
0.337669,0.577877,
0.338169,0.571313,
0.338669,0.541014,
0.339170,0.581549,
0.339670,0.560695,
0.340170,0.559334,
0.340670,0.548102,
0.341171,0.579394,
0.341671,0.577619,
0.342171,0.596991,
0.342671,0.582597,
0.343172,0.619070,
0.343672,0.588104,
0.344172,0.618510,
0.344672,0.559828,
0.345173,0.585333,
0.345673,0.595123,
0.346173,0.580338,
0.346673,0.597170,
0.347174,0.586078,
0.347674,0.617606,
0.348174,0.586615,
0.348674,0.610997,
0.349175,0.602047,
0.349675,0.648605,
0.350175,0.580455,
0.350675,0.593466,
0.351176,0.590014,
0.351676,0.633743,
0.352176,0.632417,
0.352676,0.593489,
0.353177,0.590499,
0.353677,0.606568,
0.354177,0.577356,
0.354677,0.616195,
0.355178,0.647852,
0.355678,0.636054,
0.356178,0.598280,
0.356678,0.626510,
0.357179,0.620969,
0.357679,0.588920,
0.358179,0.654380,
0.358679,0.646426,
0.359180,0.601223,
0.359680,0.609823,
0.360180,0.592900,
0.360680,0.629894,
0.361181,0.616258,
0.361681,0.611787,
0.362181,0.650187,
0.362681,0.636560,
0.363182,0.616096,
0.363682,0.642551,
0.364182,0.656407,
0.364682,0.644860,
0.365183,0.635681,
0.365683,0.640419,
0.366183,0.667247,
0.366683,0.616378,
0.367184,0.645368,
0.367684,0.681527,
0.368184,0.633188,
0.368684,0.634733,
0.369185,0.659431,
0.369685,0.682350,
0.370185,0.650234,
0.370685,0.653112,
0.371186,0.659254,
0.371686,0.651430,
0.372186,0.680659,
0.372686,0.664938,
0.373187,0.659919,
0.373687,0.631289,
0.374187,0.659581,
0.374687,0.704286,
0.375188,0.673524,
0.375688,0.628127,
0.376188,0.664931,
0.376688,0.656477,
0.377189,0.649853,
0.377689,0.651597,
0.378189,0.663127,
0.378689,0.699240,
0.379190,0.655501,
0.379690,0.717579,
0.380190,0.689547,
0.380690,0.658300,
0.381191,0.658188,
0.381691,0.697972,
0.382191,0.667045,
0.382691,0.695161,
0.383192,0.681315,
0.383692,0.703958,
0.384192,0.716515,
0.384692,0.699416,
0.385193,0.703796,
0.385693,0.683295,
0.386193,0.683244,
0.386693,0.710848,
0.387194,0.704940,
0.387694,0.745091,
0.388194,0.689217,
0.388694,0.724026,
0.389195,0.716506,
0.389695,0.724074,
0.390195,0.719103,
0.390695,0.697111,
0.391196,0.729552,
0.391696,0.718969,
0.392196,0.738498,
0.392696,0.768042,
0.393197,0.744013,
0.393697,0.712064,
0.394197,0.725540,
0.394697,0.698328,
0.395198,0.742131,
0.395698,0.737647,
0.396198,0.726420,
0.396698,0.750048,
0.397199,0.710189,
0.397699,0.721553,
0.398199,0.735842,
0.398699,0.762243,
0.399200,0.747594,
0.399700,0.685373,
0.400200,0.742990,
0.400700,0.727053,
0.401201,0.754811,
0.401701,0.737510,
0.402201,0.756210,
0.402701,0.754001,
0.403202,0.723078,
0.403702,0.775205,
0.404202,0.746425,
0.404702,0.745631,
0.405203,0.706889,
0.405703,0.747428,
0.406203,0.764690,
0.406703,0.755759,
0.407204,0.734701,
0.407704,0.767332,
0.408204,0.735873,
0.408704,0.780709,
0.409205,0.758219,
0.409705,0.741307,
0.410205,0.761972,
0.410705,0.774272,
0.411206,0.771039,
0.411706,0.795225,
0.412206,0.813309,
0.412706,0.760281,
0.413207,0.771891,
0.413707,0.731430,
0.414207,0.737765,
0.414707,0.788690,
0.415208,0.789616,
0.415708,0.778087,
0.416208,0.792871,
0.416708,0.817138,
0.417209,0.838367,
0.417709,0.844212,
0.418209,0.797160,
0.418709,0.807782,
0.419210,0.768141,
0.419710,0.827191,
0.420210,0.810330,
0.420710,0.814760,
0.421211,0.775868,
0.421711,0.803464,
0.422211,0.789799,
0.422711,0.801201,
0.423212,0.783487,
0.423712,0.792448,
0.424212,0.781578,
0.424712,0.817627,
0.425213,0.806482,
0.425713,0.829297,
0.426213,0.858308,
0.426713,0.787537,
0.427214,0.817838,
0.427714,0.806930,
0.428214,0.823206,
0.428714,0.811092,
0.429215,0.798094,
0.429715,0.828197,
0.430215,0.846483,
0.430715,0.810674,
0.431216,0.808022,
0.431716,0.791620,
0.432216,0.845081,
0.432716,0.844962,
0.433217,0.829919,
0.433717,0.812373,
0.434217,0.857193,
0.434717,0.823875,
0.435218,0.844136,
0.435718,0.837948,
0.436218,0.809919,
0.436718,0.846593,
0.437219,0.833972,
0.437719,0.860161,
0.438219,0.858813,
0.438719,0.860207,
0.439220,0.858722,
0.439720,0.844917,
0.440220,0.843626,
0.440720,0.858153,
0.441221,0.832806,
0.441721,0.833945,
0.442221,0.853664,
0.442721,0.862589,
0.443222,0.863543,
0.443722,0.872149,
0.444222,0.902227,
0.444722,0.859468,
0.445223,0.899554,
0.445723,0.852315,
0.446223,0.846900,
0.446723,0.852276,
0.447224,0.908707,
0.447724,0.894044,
0.448224,0.903510,
0.448724,0.858394,
0.449225,0.882973,
0.449725,0.863336,
0.450225,0.884825,
0.450725,0.886830,
0.451226,0.906380,
0.451726,0.886763,
0.452226,0.889763,
0.452726,0.895727,
0.453227,0.921443,
0.453727,0.897518,
0.454227,0.921336,
0.454727,0.894083,
0.455228,0.894915,
0.455728,0.880082,
0.456228,0.915476,
0.456728,0.904513,
0.457229,0.924793,
0.457729,0.887327,
0.458229,0.926725,
0.458729,0.949810,
0.459230,0.899273,
0.459730,0.900316,
0.460230,0.927017,
0.460730,0.909606,
0.461231,0.941970,
0.461731,0.924111,
0.462231,0.914555,
0.462731,0.907190,
0.463232,0.925416,
0.463732,0.923031,
0.464232,0.930492,
0.464732,0.914014,
0.465233,0.930822,
0.465733,0.930306,
0.466233,0.931352,
0.466733,0.930453,
0.467234,0.904105,
0.467734,0.950193,
0.468234,0.999000,
0.468734,0.924957,
0.469235,0.915334,
0.469735,0.895924,
0.470235,0.902126,
0.470735,0.935788,
0.471236,0.947288,
0.471736,0.932393,
0.472236,0.936105,
0.472736,0.955294,
0.473237,0.952458,
0.473737,0.931143,
0.474237,0.950244,
0.474737,0.932774,
0.475238,0.957704,
0.475738,0.974377,
0.476238,0.973158,
0.476738,0.961399,
0.477239,0.970921,
0.477739,0.941346,
0.478239,0.975100,
0.478739,0.960336,
0.479240,0.997877,
0.479740,0.973751,
0.480240,0.951999,
0.480740,0.971577,
0.481241,0.965786,
0.481741,0.962343,
0.482241,0.966289,
0.482741,0.974650,
0.483242,0.983066,
0.483742,0.994893,
0.484242,0.981454,
0.484742,0.995202,
0.485243,0.955792,
0.485743,1.008168,
0.486243,0.971102,
0.486743,0.988943,
0.487244,0.954216,
0.487744,1.029948,
0.488244,0.975625,
0.488744,1.008173,
0.489245,1.013578,
0.489745,0.997040,
0.490245,1.013514,
0.490745,0.996123,
0.491246,0.988755,
0.491746,1.013504,
0.492246,1.004894,
0.492746,1.018586,
0.493247,1.073087,
0.493747,1.024077,
0.494247,1.024033,
0.494747,1.009863,
0.495248,1.015271,
0.495748,0.989587,
0.496248,1.011909,
0.496748,0.999838,
0.497249,1.028400,
0.497749,1.026838,
0.498249,1.033963,
0.498749,1.043161,
0.499250,1.022909,
0.499750,1.016847,
0.500250,1.038944,
0.500750,1.023740,
0.501251,1.051815,
0.501751,1.033213,
0.502251,1.055718,
0.502751,1.026930,
0.503252,1.044665,
0.503752,1.039430,
0.504252,1.040189,
0.504752,1.033853,
0.505253,1.046020,
0.505753,1.022698,
0.506253,1.037603,
0.506753,1.055883,
0.507254,1.047619,
0.507754,1.046736,
0.508254,1.083360,
0.508754,1.071254,
0.509255,1.067817,
0.509755,1.021701,
0.510255,1.056953,
0.510755,1.067440,
0.511256,1.080563,
0.511756,1.075932,
0.512256,1.057151,
0.512756,1.056744,
0.513257,1.057219,
0.513757,1.061740,
0.514257,1.069541,
0.514757,1.078089,
0.515258,1.058826,
0.515758,1.064294,
0.516258,1.105863,
0.516758,1.099009,
0.517259,1.078543,
0.517759,1.104164,
0.518259,1.104102,
0.518759,1.073283,
0.519260,1.073699,
0.519760,1.103416,
0.520260,1.137448,
0.520760,1.104811,
0.521261,1.090720,
0.521761,1.085426,
0.522261,1.099191,
0.522761,1.117531,
0.523262,1.090129,
0.523762,1.129869,
0.524262,1.127284,
0.524762,1.102038,
0.525263,1.103944,
0.525763,1.087591,
0.526263,1.105030,
0.526763,1.106664,
0.527264,1.142149,
0.527764,1.149844,
0.528264,1.106650,
0.528764,1.157912,
0.529265,1.112697,
0.529765,1.125704,
0.530265,1.130353,
0.530765,1.115620,
0.531266,1.095944,
0.531766,1.125988,
0.532266,1.116513,
0.532766,1.120911,
0.533267,1.136766,
0.533767,1.118384,
0.534267,1.158076,
0.534767,1.126753,
0.535268,1.176317,
0.535768,1.145110,
0.536268,1.159189,
0.536768,1.110050,
0.537269,1.133013,
0.537769,1.146646,
0.538269,1.144087,
0.538769,1.154015,
0.539270,1.176099,
0.539770,1.154921,
0.540270,1.194560,
0.540770,1.161328,
0.541271,1.136335,
0.541771,1.154846,
0.542271,1.193095,
0.542771,1.152360,
0.543272,1.135196,
0.543772,1.191373,
0.544272,1.119277,
0.544772,1.185173,
0.545273,1.155107,
0.545773,1.185461,
0.546273,1.150347,
0.546773,1.148248,
0.547274,1.157000,
0.547774,1.160938,
0.548274,1.198280,
0.548774,1.171000,
0.549275,1.166385,
0.549775,1.190161,
0.550275,1.193116,
0.550775,1.204476,
0.551276,1.196755,
0.551776,1.208145,
0.552276,1.197303,
0.552776,1.185133,
0.553277,1.195079,
0.553777,1.167005,
0.554277,1.198954,
0.554777,1.197449,
0.555278,1.201593,
0.555778,1.196056,
0.556278,1.180181,
0.556778,1.203790,
0.557279,1.215172,
0.557779,1.189436,
0.558279,1.222205,
0.558779,1.179188,
0.559280,1.183033,
0.559780,1.189073,
0.560280,1.179194,
0.560780,1.179688,
0.561281,1.191738,
0.561781,1.176116,
0.562281,1.236570,
0.562781,1.211438,
0.563282,1.235653,
0.563782,1.271240,
0.564282,1.231109,
0.564782,1.202239,
0.565283,1.222772,
0.565783,1.233738,
0.566283,1.267467,
0.566783,1.242644,
0.567284,1.206125,
0.567784,1.232850,
0.568284,1.277669,
0.568784,1.224394,
0.569285,1.265385,
0.569785,1.249939,
0.570285,1.212413,
0.570785,1.277240,
0.571286,1.242971,
0.571786,1.266073,
0.572286,1.253515,
0.572786,1.219816,
0.573287,1.283994,
0.573787,1.283388,
0.574287,1.242696,
0.574787,1.225934,
0.575288,1.277597,
0.575788,1.251624,
0.576288,1.252191,
0.576788,1.236379,
0.577289,1.276454,
0.577789,1.253754,
0.578289,1.295926,
0.578789,1.245785,
0.579290,1.265412,
0.579790,1.256810,
0.580290,1.276647,
0.580790,1.272887,
0.581291,1.276871,
0.581791,1.303166,
0.582291,1.249339,
0.582791,1.327115,
0.583292,1.247437,
0.583792,1.273472,
0.584292,1.268286,
0.584792,1.317509,
0.585293,1.264831,
0.585793,1.280345,
0.586293,1.306321,
0.586793,1.293350,
0.587294,1.298841,
0.587794,1.333752,
0.588294,1.285417,
0.588794,1.307212,
0.589295,1.277538,
0.589795,1.308344,
0.590295,1.295337,
0.590795,1.289511,
0.591296,1.311852,
0.591796,1.295181,
0.592296,1.330164,
0.592796,1.281359,
0.593297,1.304094,
0.593797,1.274309,
0.594297,1.306583,
0.594797,1.320654,
0.595298,1.305787,
0.595798,1.312510,
0.596298,1.331059,
0.596798,1.323808,
0.597299,1.315202,
0.597799,1.334407,
0.598299,1.345610,
0.598799,1.327209,
0.599300,1.338057,
0.599800,1.354223,
0.600300,1.350943,
0.600800,1.351908,
0.601301,1.374066,
0.601801,1.324586,
0.602301,1.314859,
0.602801,1.373134,
0.603302,1.350666,
0.603802,1.353175,
0.604302,1.366164,
0.604802,1.337826,
0.605303,1.347654,
0.605803,1.344375,
0.606303,1.336473,
0.606803,1.343866,
0.607304,1.333975,
0.607804,1.375607,
0.608304,1.324985,
0.608804,1.376930,
0.609305,1.358235,
0.609805,1.340632,
0.610305,1.359503,
0.610805,1.344141,
0.611306,1.345704,
0.611806,1.373246,
0.612306,1.356156,
0.612806,1.329665,
0.613307,1.355631,
0.613807,1.376854,
0.614307,1.367644,
0.614807,1.363705,
0.615308,1.376022,
0.615808,1.370378,
0.616308,1.385437,
0.616808,1.389747,
0.617309,1.377329,
0.617809,1.390130,
0.618309,1.395286,
0.618809,1.378419,
0.619310,1.438730,
0.619810,1.394841,
0.620310,1.392081,
0.620810,1.426542,
0.621311,1.382514,
0.621811,1.372382,
0.622311,1.409589,
0.622811,1.398476,
0.623312,1.411772,
0.623812,1.411614,
0.624312,1.408673,
0.624812,1.386661,
0.625313,1.412063,
0.625813,1.424060,
0.626313,1.417816,
0.626813,1.429877,
0.627314,1.436553,
0.627814,1.418503,
0.628314,1.431296,
0.628814,1.425907,
0.629315,1.385490,
0.629815,1.402872,
0.630315,1.414156,
0.630815,1.421641,
0.631316,1.431290,
0.631816,1.428817,
0.632316,1.442704,
0.632816,1.445199,
0.633317,1.462988,
0.633817,1.440961,
0.634317,1.416497,
0.634817,1.481641,
0.635318,1.443725,
0.635818,1.442910,
0.636318,1.462726,
0.636818,1.422126,
0.637319,1.458646,
0.637819,1.428750,
0.638319,1.432264,
0.638819,1.450689,
0.639320,1.415190,
0.639820,1.476752,
0.640320,1.460983,
0.640820,1.474820,
0.641321,1.470860,
0.641821,1.428516,
0.642321,1.456955,
0.642821,1.480066,
0.643322,1.477767,
0.643822,1.476459,
0.644322,1.444000,
0.644822,1.484601,
0.645323,1.485913,
0.645823,1.508658,
0.646323,1.494713,
0.646823,1.467321,
0.647324,1.441627,
0.647824,1.497465,
0.648324,1.422556,
0.648824,1.485024,
0.649325,1.466296,
0.649825,1.491698,
0.650325,1.487722,
0.650825,1.480009,
0.651326,1.432790,
0.651826,1.479433,
0.652326,1.494805,
0.652826,1.449534,
0.653327,1.509587,
0.653827,1.496518,
0.654327,1.480782,
0.654827,1.488395,
0.655328,1.481683,
0.655828,1.528360,
0.656328,1.505637,
0.656828,1.543128,
0.657329,1.503928,
0.657829,1.526966,
0.658329,1.486981,
0.658829,1.493448,
0.659330,1.560087,
0.659830,1.537331,
0.660330,1.560179,
0.660830,1.533295,
0.661331,1.504284,
0.661831,1.549716,
0.662331,1.521983,
0.662831,1.520148,
0.663332,1.494441,
0.663832,1.506830,
0.664332,1.524818,
0.664832,1.529844,
0.665333,1.528590,
0.665833,1.558000,
0.666333,1.499494,
0.666833,1.523471,
0.667334,1.535436,
0.667834,1.601892,
0.668334,1.529995,
0.668834,1.551204,
0.669335,1.554332,
0.669835,1.557238,
0.670335,1.580715,
0.670835,1.567516,
0.671336,1.563566,
0.671836,1.579423,
0.672336,1.550703,
0.672836,1.561664,
0.673337,1.588010,
0.673837,1.581213,
0.674337,1.583436,
0.674837,1.557564,
0.675338,1.601849,
0.675838,1.567573,
0.676338,1.603820,
0.676838,1.566994,
0.677339,1.583720,
0.677839,1.572235,
0.678339,1.561082,
0.678839,1.568199,
0.679340,1.600354,
0.679840,1.564337,
0.680340,1.610640,
0.680840,1.602479,
0.681341,1.529545,
0.681841,1.568565,
0.682341,1.578440,
0.682841,1.610570,
0.683342,1.643733,
0.683842,1.574797,
0.684342,1.562009,
0.684842,1.587341,
0.685343,1.610581,
0.685843,1.602446,
0.686343,1.605270,
0.686843,1.624053,
0.687344,1.589422,
0.687844,1.609338,
0.688344,1.614382,
0.688844,1.635913,
0.689345,1.610719,
0.689845,1.585575,
0.690345,1.582096,
0.690845,1.613772,
0.691346,1.626984,
0.691846,1.637078,
0.692346,1.610961,
0.692846,1.619613,
0.693347,1.644855,
0.693847,1.638763,
0.694347,1.603346,
0.694847,1.626881,
0.695348,1.622444,
0.695848,1.617370,
0.696348,1.616098,
0.696848,1.625281,
0.697349,1.617224,
0.697849,1.604983,
0.698349,1.628468,
0.698849,1.635985,
0.699350,1.614095,
0.699850,1.618470,
0.700350,1.695098,
0.700850,1.643125,
0.701351,1.678242,
0.701851,1.635998,
0.702351,1.629892,
0.702851,1.643308,
0.703352,1.640251,
0.703852,1.675766,
0.704352,1.638334,
0.704852,1.656933,
0.705353,1.642436,
0.705853,1.698411,
0.706353,1.657159,
0.706853,1.644622,
0.707354,1.679364,
0.707854,1.715734,
0.708354,1.693416,
0.708854,1.667340,
0.709355,1.681860,
0.709855,1.688235,
0.710355,1.694484,
0.710855,1.693896,
0.711356,1.666595,
0.711856,1.674354,
0.712356,1.708374,
0.712856,1.689750,
0.713357,1.668920,
0.713857,1.689836,
0.714357,1.705447,
0.714857,1.693154,
0.715358,1.705822,
0.715858,1.725243,
0.716358,1.691952,
0.716858,1.681481,
0.717359,1.719174,
0.717859,1.687001,
0.718359,1.690009,
0.718859,1.705121,
0.719360,1.674793,
0.719860,1.716837,
0.720360,1.702307,
0.720860,1.683175,
0.721361,1.704018,
0.721861,1.715553,
0.722361,1.713704,
0.722861,1.728650,
0.723362,1.723842,
0.723862,1.730449,
0.724362,1.736286,
0.724862,1.719468,
0.725363,1.711651,
0.725863,1.726396,
0.726363,1.739859,
0.726863,1.756643,
0.727364,1.705978,
0.727864,1.737846,
0.728364,1.751155,
0.728864,1.741963,
0.729365,1.746075,
0.729865,1.741082,
0.730365,1.715484,
0.730865,1.747461,
0.731366,1.784735,
0.731866,1.737318,
0.732366,1.734461,
0.732866,1.713034,
0.733367,1.747057,
0.733867,1.762713,
0.734367,1.742964,
0.734867,1.744976,
0.735368,1.733804,
0.735868,1.704499,
0.736368,1.744693,
0.736868,1.740760,
0.737369,1.738191,
0.737869,1.753829,
0.738369,1.781958,
0.738869,1.768000,
0.739370,1.787982,
0.739870,1.794786,
0.740370,1.768276,
0.740870,1.777019,
0.741371,1.752682,
0.741871,1.783826,
0.742371,1.795576,
0.742871,1.784573,
0.743372,1.757026,
0.743872,1.808440,
0.744372,1.783478,
0.744872,1.842930,
0.745373,1.802610,
0.745873,1.784065,
0.746373,1.796178,
0.746873,1.818098,
0.747374,1.772025,
0.747874,1.803305,
0.748374,1.782579,
0.748874,1.786340,
0.749375,1.785267,
0.749875,1.816972,
0.750375,1.815652,
0.750875,1.832968,
0.751376,1.803986,
0.751876,1.821478,
0.752376,1.794223,
0.752876,1.785203,
0.753377,1.827502,
0.753877,1.794078,
0.754377,1.806078,
0.754877,1.815657,
0.755378,1.827680,
0.755878,1.819780,
0.756378,1.838957,
0.756878,1.841884,
0.757379,1.810203,
0.757879,1.794157,
0.758379,1.831225,
0.758879,1.858984,
0.759380,1.848857,
0.759880,1.812818,
0.760380,1.857641,
0.760880,1.857528,
0.761381,1.871167,
0.761881,1.837537,
0.762381,1.864949,
0.762881,1.840449,
0.763382,1.850664,
0.763882,1.856731,
0.764382,1.823810,
0.764882,1.858868,
0.765383,1.818856,
0.765883,1.822433,
0.766383,1.842886,
0.766883,1.836793,
0.767384,1.830502,
0.767884,1.869007,
0.768384,1.854703,
0.768884,1.879159,
0.769385,1.871573,
0.769885,1.873546,
0.770385,1.843522,
0.770885,1.878418,
0.771386,1.851549,
0.771886,1.841698,
0.772386,1.852660,
0.772886,1.866142,
0.773387,1.885705,
0.773887,1.837175,
0.774387,1.871000,
0.774887,1.884531,
0.775388,1.868742,
0.775888,1.853201,
0.776388,1.913417,
0.776888,1.892117,
0.777389,1.891652,
0.777889,1.854694,
0.778389,1.879647,
0.778889,1.908495,
0.779390,1.898309,
0.779890,1.902756,
0.780390,1.924990,
0.780890,1.882315,
0.781391,1.905246,
0.781891,1.891801,
0.782391,1.930949,
0.782891,1.889748,
0.783392,1.927200,
0.783892,1.887604,
0.784392,1.875041,
0.784892,1.942959,
0.785393,1.901824,
0.785893,1.913897,
0.786393,1.936290,
0.786893,1.926076,
0.787394,1.917871,
0.787894,1.964343,
0.788394,1.912669,
0.788894,1.946399,
0.789395,1.906176,
0.789895,1.894893,
0.790395,1.917407,
0.790895,1.952015,
0.791396,1.916419,
0.791896,1.951189,
0.792396,1.926909,
0.792896,1.974794,
0.793397,1.946524,
0.793897,1.927232,
0.794397,1.918793,
0.794897,1.964016,
0.795398,1.973718,
0.795898,1.975423,
0.796398,1.930180,
0.796898,1.938266,
0.797399,1.972154,
0.797899,1.954868,
0.798399,1.932290,
0.798899,1.974533,
0.799400,1.984644,
0.799900,1.922124,
0.800400,1.968575,
0.800900,1.982854,
0.801401,1.970259,
0.801901,1.984154,
0.802401,2.007989,
0.802901,1.919490,
0.803402,1.979718,
0.803902,1.952571,
0.804402,1.944602,
0.804902,1.992535,
0.805403,1.939535,
0.805903,2.011754,
0.806403,1.980038,
0.806903,1.989559,
0.807404,2.005829,
0.807904,1.987551,
0.808404,1.973905,
0.808904,2.017535,
0.809405,2.019003,
0.809905,1.970293,
0.810405,1.981236,
0.810905,2.005556,
0.811406,1.997034,
0.811906,1.987066,
0.812406,1.965845,
0.812906,2.008532,
0.813407,2.038621,
0.813907,1.980342,
0.814407,1.993885,
0.814907,2.036128,
0.815408,2.018206,
0.815908,2.000863,
0.816408,2.002882,
0.816908,2.039678,
0.817409,1.990719,
0.817909,2.009971,
0.818409,2.000666,
0.818909,1.982479,
0.819410,2.048076,
0.819910,2.031830,
0.820410,2.048767,
0.820910,2.001688,
0.821411,2.033087,
0.821911,2.025304,
0.822411,2.050796,
0.822911,2.068549,
0.823412,2.036147,
0.823912,2.036777,
0.824412,2.049675,
0.824912,2.029155,
0.825413,2.014288,
0.825913,2.023359,
0.826413,2.043942,
0.826913,2.030116,
0.827414,2.028409,
0.827914,2.087833,
0.828414,2.068742,
0.828914,2.087515,
0.829415,2.076658,
0.829915,2.058964,
0.830415,2.032742,
0.830915,2.073924,
0.831416,2.055805,
0.831916,2.051226,
0.832416,2.115808,
0.832916,2.030051,
0.833417,2.053857,
0.833917,2.077835,
0.834417,2.027080,
0.834917,2.042737,
0.835418,2.068421,
0.835918,2.071014,
0.836418,2.077961,
0.836918,2.065219,
0.837419,2.087718,
0.837919,2.068738,
0.838419,2.101165,
0.838919,2.066147,
0.839420,2.053672,
0.839920,2.120263,
0.840420,2.096968,
0.840920,2.093864,
0.841421,2.079394,
0.841921,2.108249,
0.842421,2.095005,
0.842921,2.093778,
0.843422,2.088579,
0.843922,2.088723,
0.844422,2.116736,
0.844922,2.100831,
0.845423,2.106795,
0.845923,2.087617,
0.846423,2.069805,
0.846923,2.141848,
0.847424,2.089550,
0.847924,2.116567,
0.848424,2.147237,
0.848924,2.117511,
0.849425,2.089686,
0.849925,2.124353,
0.850425,2.149835,
0.850925,2.161684,
0.851426,2.122259,
0.851926,2.144075,
0.852426,2.107657,
0.852926,2.141079,
0.853427,2.132508,
0.853927,2.124537,
0.854427,2.176162,
0.854927,2.111432,
0.855428,2.112712,
0.855928,2.159759,
0.856428,2.168122,
0.856928,2.140561,
0.857429,2.149844,
0.857929,2.182640,
0.858429,2.159720,
0.858929,2.123463,
0.859430,2.121480,
0.859930,2.174725,
0.860430,2.159980,
0.860930,2.195678,
0.861431,2.155736,
0.861931,2.155624,
0.862431,2.113935,
0.862931,2.153284,
0.863432,2.163256,
0.863932,2.174080,
0.864432,2.165946,
0.864932,2.159098,
0.865433,2.205936,
0.865933,2.155927,
0.866433,2.184359,
0.866933,2.191234,
0.867434,2.165174,
0.867934,2.166759,
0.868434,2.199698,
0.868934,2.201590,
0.869435,2.165708,
0.869935,2.190797,
0.870435,2.174151,
0.870935,2.179423,
0.871436,2.174653,
0.871936,2.196137,
0.872436,2.228388,
0.872936,2.196021,
0.873437,2.166297,
0.873937,2.214805,
0.874437,2.181899,
0.874937,2.188645,
0.875438,2.198371,
0.875938,2.209561,
0.876438,2.234256,
0.876938,2.215841,
0.877439,2.215827,
0.877939,2.188490,
0.878439,2.223409,
0.878939,2.218578,
0.879440,2.201943,
0.879940,2.187917,
0.880440,2.223703,
0.880940,2.225028,
0.881441,2.213199,
0.881941,2.227667,
0.882441,2.223673,
0.882941,2.203754,
0.883442,2.272676,
0.883942,2.270124,
0.884442,2.220934,
0.884942,2.263437,
0.885443,2.227536,
0.885943,2.240295,
0.886443,2.301459,
0.886943,2.195195,
0.887444,2.284547,
0.887944,2.220937,
0.888444,2.217724,
0.888944,2.277627,
0.889445,2.258463,
0.889945,2.249366,
0.890445,2.243285,
0.890945,2.254985,
0.891446,2.249960,
0.891946,2.245622,
0.892446,2.248711,
0.892946,2.263644,
0.893447,2.270059,
0.893947,2.260548,
0.894447,2.252653,
0.894947,2.237593,
0.895448,2.288275,
0.895948,2.265832,
0.896448,2.258677,
0.896948,2.293243,
0.897449,2.290714,
0.897949,2.294680,
0.898449,2.272739,
0.898949,2.274305,
0.899450,2.283862,
0.899950,2.282856,
0.900450,2.280190,
0.900950,2.245292,
0.901451,2.305256,
0.901951,2.277171,
0.902451,2.289492,
0.902951,2.256875,
0.903452,2.260239,
0.903952,2.298384,
0.904452,2.278698,
0.904952,2.277642,
0.905453,2.333637,
0.905953,2.320333,
0.906453,2.282564,
0.906953,2.284937,
0.907454,2.294137,
0.907954,2.312045,
0.908454,2.315181,
0.908954,2.313677,
0.909455,2.317545,
0.909955,2.343307,
0.910455,2.280987,
0.910955,2.296501,
0.911456,2.301974,
0.911956,2.330096,
0.912456,2.314778,
0.912956,2.359028,
0.913457,2.297372,
0.913957,2.343641,
0.914457,2.315075,
0.914957,2.305419,
0.915458,2.324104,
0.915958,2.299838,
0.916458,2.341962,
0.916958,2.335502,
0.917459,2.350708,
0.917959,2.354677,
0.918459,2.346856,
0.918959,2.360104,
0.919460,2.340862,
0.919960,2.338308,
0.920460,2.359337,
0.920960,2.332987,
0.921461,2.353859,
0.921961,2.322593,
0.922461,2.332666,
0.922961,2.361810,
0.923462,2.363512,
0.923962,2.334126,
0.924462,2.337103,
0.924962,2.353484,
0.925463,2.380395,
0.925963,2.363707,
0.926463,2.358348,
0.926963,2.375666,
0.927464,2.343247,
0.927964,2.388565,
0.928464,2.331264,
0.928964,2.374366,
0.929465,2.357194,
0.929965,2.394814,
0.930465,2.403449,
0.930965,2.401373,
0.931466,2.366156,
0.931966,2.388530,
0.932466,2.376136,
0.932966,2.415830,
0.933467,2.382976,
0.933967,2.404902,
0.934467,2.397418,
0.934967,2.426696,
0.935468,2.400472,
0.935968,2.369149,
0.936468,2.401787,
0.936968,2.389056,
0.937469,2.406906,
0.937969,2.417850,
0.938469,2.435987,
0.938969,2.400183,
0.939470,2.401130,
0.939970,2.385194,
0.940470,2.378882,
0.940970,2.420952,
0.941471,2.425237,
0.941971,2.420280,
0.942471,2.401428,
0.942971,2.402694,
0.943472,2.419524,
0.943972,2.397773,
0.944472,2.371615,
0.944972,2.416380,
0.945473,2.402759,
0.945973,2.417823,
0.946473,2.429497,
0.946973,2.425813,
0.947474,2.426393,
0.947974,2.431131,
0.948474,2.431790,
0.948974,2.437904,
0.949475,2.446891,
0.949975,2.446969,
0.950475,2.451222,
0.950975,2.473385,
0.951476,2.462500,
0.951976,2.474308,
0.952476,2.417899,
0.952976,2.482865,
0.953477,2.468667,
0.953977,2.428297,
0.954477,2.404786,
0.954977,2.465606,
0.955478,2.459663,
0.955978,2.488937,
0.956478,2.427393,
0.956978,2.478328,
0.957479,2.441203,
0.957979,2.467537,
0.958479,2.465443,
0.958979,2.468013,
0.959480,2.468958,
0.959980,2.442537,
0.960480,2.448604,
0.960980,2.509685,
0.961481,2.483022,
0.961981,2.468098,
0.962481,2.474394,
0.962981,2.469268,
0.963482,2.477538,
0.963982,2.474024,
0.964482,2.480331,
0.964982,2.476958,
0.965483,2.501620,
0.965983,2.485015,
0.966483,2.496405,
0.966983,2.481332,
0.967484,2.510535,
0.967984,2.456856,
0.968484,2.506417,
0.968984,2.501104,
0.969485,2.472545,
0.969985,2.522605,
0.970485,2.509267,
0.970985,2.508446,
0.971486,2.515795,
0.971986,2.526936,
0.972486,2.545604,
0.972986,2.500467,
0.973487,2.535854,
0.973987,2.515772,
0.974487,2.500678,
0.974987,2.507718,
0.975488,2.519031,
0.975988,2.497729,
0.976488,2.523378,
0.976988,2.508156,
0.977489,2.517927,
0.977989,2.552406,
0.978489,2.541493,
0.978989,2.526915,
0.979490,2.568224,
0.979990,2.536505,
0.980490,2.560027,
0.980990,2.531897,
0.981491,2.556644,
0.981991,2.546973,
0.982491,2.539593,
0.982991,2.549063,
0.983492,2.510883,
0.983992,2.527965,
0.984492,2.577629,
0.984992,2.581915,
0.985493,2.540860,
0.985993,2.562228,
0.986493,2.556003,
0.986993,2.566715,
0.987494,2.566096,
0.987994,2.610406,
0.988494,2.561083,
0.988994,2.534113,
0.989495,2.578160,
0.989995,2.552390,
0.990495,2.577658,
0.990995,2.588811,
0.991496,2.550739,
0.991996,2.557202,
0.992496,2.534535,
0.992996,2.600761,
0.993497,2.619891,
0.993997,2.546917,
0.994497,2.577801,
0.994997,2.583295,
0.995498,2.580195,
0.995998,2.591964,
0.996498,2.600966,
0.996998,2.607891,
0.997499,2.564852,
0.997999,2.591307,
0.998499,2.595516,
0.998999,2.589878,
0.999500,2.606971,
1.000000,2.623176,
